CZ0325;CZ0327
CZ0325;CZ0324
CZ0325;CZ0323
CZ0325;CZ0411
CZ0325;CZ0412
CZ0325;CZ0424
CZ0325;CZ020C
CZ0325;CZ0326
CZ0413;CZ0412
CZ0414;CZ0411
CZ0412;CZ0411
CZ0411;CZ0327
CZ0327;CZ0321
CZ0327;CZ0324
CZ0321;CZ0324
CZ0321;CZ0322
CZ0322;CZ0324
CZ0323;CZ0324
CZ0326;CZ0324
CZ0323;CZ0326
CZ0412;CZ0424
CZ0412;CZ0422
CZ0422;CZ0424
CZ0425;CZ0424
CZ0425;CZ0422
CZ0425;CZ0426
CZ0424;CZ0426
CZ0424;CZ0423
CZ0426;CZ0423
CZ0426;CZ0427
CZ0427;CZ0423
CZ0427;CZ0421
CZ0206;CZ0423
CZ0206;CZ0511
CZ0206;CZ0207
CZ0206;CZ0203
CZ0206;CZ0209
CZ0206;CZ020A
CZ0209;CZ020A
CZ0209;CZ0100
CZ0209;CZ0207
CZ0209;CZ0208
CZ0209;CZ0204
CZ0209;CZ0205
CZ0209;CZ0201
CZ0202;CZ020A
CZ0202;CZ0203
CZ0202;CZ020C
CZ0202;CZ0326
CZ0202;CZ020B
CZ0100;CZ020A
CZ020A;CZ0203
CZ020A;CZ020B
CZ020A;CZ0201
CZ0424;CZ020C
CZ0424;CZ0203
CZ020C;CZ0203
CZ020C;CZ0326
CZ0203;CZ0423
CZ0326;CZ020B
CZ020B;CZ0324
CZ020B;CZ0316
CZ020B;CZ0314
CZ020B;CZ0317
CZ020B;CZ0201
CZ0324;CZ0316
CZ0322;CZ0316
CZ0322;CZ0315
CZ0423;CZ0421
CZ0423;CZ0511
CZ0421;CZ0511
CZ0511;CZ0513
CZ0511;CZ0207
CZ0207;CZ0513
CZ0207;CZ0514
CZ0207;CZ0522
CZ0207;CZ0208
CZ0512;CZ0513
CZ0512;CZ0514
CZ0513;CZ0514
CZ0204;CZ0208
CZ0204;CZ0521
CZ0204;CZ0532
CZ0204;CZ0205
CZ0311;CZ0312
CZ0311;CZ0315
CZ0311;CZ0316
CZ0311;CZ0314
CZ0311;CZ0317
CZ0311;CZ0313
CZ0315;CZ0312
CZ0315;CZ0316
CZ0314;CZ0316
CZ0314;CZ0317
CZ0633;CZ0313
CZ0633;CZ0317
CZ0633;CZ0201
CZ0633;CZ0631
CZ0633;CZ0632
CZ0317;CZ0313
CZ0317;CZ0201
CZ0205;CZ0201
CZ0205;CZ0631
CZ0205;CZ0531
CZ0205;CZ0532
CZ0201;CZ0631
CZ0522;CZ0208
CZ0522;CZ0521
CZ0522;CZ0525
CZ0522;CZ0514
CZ0525;CZ0521
CZ0525;CZ0523
CZ0525;CZ0514
CZ0521;CZ0208
CZ0521;CZ0532
CZ0521;CZ0524
CZ0521;CZ0523
CZ0634;CZ0313
CZ0634;CZ0632
CZ0634;CZ0635
CZ0634;CZ0643
CZ0634;CZ0647
CZ0647;CZ0313
CZ0632;CZ0313
CZ0632;CZ0631
CZ0632;CZ0635
CZ0643;CZ0647
CZ0643;CZ0644
CZ0643;CZ0646
CZ0643;CZ0641
CZ0643;CZ0635
CZ0643;CZ0642
CZ0647;CZ0644
CZ0645;CZ0644
CZ0645;CZ0646
CZ0645;CZ0721
CZ0645;CZ0722
CZ0646;CZ0644
CZ0646;CZ0641
CZ0646;CZ0713
CZ0646;CZ0721
CZ0724;CZ0722
CZ0724;CZ0721
CZ0724;CZ0723
CZ0722;CZ0721
CZ0721;CZ0713
CZ0721;CZ0714
CZ0721;CZ0723
CZ0533;CZ0641
CZ0533;CZ0635
CZ0533;CZ0531
CZ0533;CZ0534
CZ0533;CZ0715
CZ0533;CZ0712
CZ0533;CZ0713
CZ0641;CZ0635
CZ0641;CZ0713
CZ0531;CZ0635
CZ0531;CZ0631
CZ0531;CZ0532
CZ0531;CZ0534
CZ0631;CZ0635
CZ0712;CZ0713
CZ0712;CZ0714
CZ0712;CZ0804
CZ0712;CZ0805
CZ0712;CZ0801
CZ0712;CZ0715
CZ0713;CZ0714
CZ0714;CZ0804
CZ0804;CZ0805
CZ0805;CZ0801
CZ0801;CZ0715
CZ0715;CZ0534
CZ0715;CZ0711
CZ0534;CZ0532
CZ0534;CZ0524
CZ0532;CZ0524
CZ0524;CZ0523
CZ0711;CZ0801
CZ0802;CZ0723
CZ0802;CZ0804
CZ0802;CZ0803
CZ0802;CZ0806
CZ0723;CZ0804
CZ0803;CZ0806
CZ0806;CZ0805
CZ0806;CZ0804
CZ0723;CZ0714
